SKU ,DESCRIÇÃO ,FAMILIA 
1045100,13.00-24TT 14(G-2/L-2) PN14,AGRO
1045200,14.00-24TT 16(G-2/L-2) PN14,AGRO
1127200,16.9-28TT 10R-1 TM95,AGRO
1127300,7.50-16TT 12I-1 RA45,AGRO
1127400,10.5/80-18TT 12I-1 RA45,AGRO
1187700,24.5-32TL 14R-1 TM95,AGRO
1187900,21L-30TL 12R-1 MB39,AGRO
1188000,30.5L-32TL 12R-1 MB39,AGRO
1232910,12.4-28TT 6R-1 TM99,AGRO
1236600,18.4-26TT 10R-1 TM95,AGRO
1236700,18.4-26TT 12R-1 TM95,AGRO
1318600,30.5L-32TL 14R-1 MB39,AGRO
1325300,11L-15TL 10I-1 RA45,AGRO
1325400,11L-15TL 12I-1 RA45,AGRO
1347500,18.00-33TL 32(E-4) RM99-D,AGRO
1347600,18.00-33TL 36(E-4) RM99-D,AGRO
1347800,23.5-25TL 20(L-5) RM99SD,AGRO
1348200,29.5-25TL 28(E-3) RM99-E,AGRO
1348400,29.5-29TL 28(E-3) RM99-E,AGRO
1348800,17.5-25TL 12(L-3) RM99-L,AGRO
1348900,17.5-25TL 16(L-3) RM99-L,AGRO
1349000,20.5-25TL 12(L-3) RM99-L,AGRO
1349100,20.5-25TL 16(L-3) RM99-L,AGRO
1349200,20.5-25TL 20(L-3) RM99-L,AGRO
1349400,23.5-25TL 16(L-3) RM99-L,AGRO
1349500,23.5-25TL 20(L-3) RM99-L,AGRO
1410800,29.5-25TL 28(L-3) RM99-L,AGRO
1470900,12.4-24TT 4R-1 PIVOT TM95,AGRO
1480500,11.00-20TT 18(C-1) COMP BG200,AGRO
1488000,18.4-30TT 6 PD22LU,AGRO
1491700,16.9-24TT 135A6 10R-1 TM95,AGRO
1553300,19.5L-24TL 10 PN12,AGRO
1553400,12.5/80-18TL 135A8 10 PN12,AGRO
1560100,250/80-18TL 120A6 12R-1 TM75,AGRO
1569900,18.00-25TL 40(IND-4) RM96,AGRO
1572900,14.00-24TL 16(G-2/L-2) PN14,AGRO
1630100,18.4-38TT 14R-2 PD22,AGRO
1636800,400/60-15.5TL 14I-3 HF75,AGRO
1681600,400/60-15.5TL 16I-1(RA28) 428,AGRO
1706300,6.00-9TT 12 CI84,AGRO
1706400,7.00-12TT 12 CI84,AGRO
1706500,6.50-10TT 10 CI84,AGRO
1706600,7.50-15TT 10 CI84,AGRO
1706700,8.25-15TT 12 CI84,AGRO
1707400,30.5L-32TL 16R-1 MB39,AGRO
1776600,19.5L-24TL 151A8 12 PN12,AGRO
1779400,23.5R25TL 185B **(E-3)+ RM100E,AGRO
1779500,23.5R25TL 195A2 *(L-3)+ RM100L,AGRO
1779600,20.5R25TL 177B **(E-3)+ RM100E,AGRO
1779700,20.5R25TL 186A2 *(L-3)+ RM100L,AGRO
1837800,600/50-22.5TL 165A8(153A8)I-3HF75,AGRO
1838100,14.9-24TT 6R-1 TM75,AGRO
1838200,14.9-24TT 8R-1 TM75,AGRO
1838300,12.4-36TT 6R-1 TM75,AGRO
1838400,12.4-36TT 10R-1 TM75,AGRO
1838500,12.4-36TT 12R-1 TM75,AGRO
1838600,13.6-38TT 6R-1 TM75,AGRO
1838700,28X9-15TT 14 CI84,AGRO
1838800,14.00R24TL 169B (E-3) RM100E,AGRO
1839000,14.00R25TL 169B RM100E,AGRO
1951300,6.00-16TT 8I-1 RA45,AGRO
1951400,12.4-36TL 12R-1 TM75,AGRO
1979000,35/65-33STEEL BREAKERTL42L5RM9,AGRO
1993000,16.9-24TT 132A8 8R-1 TM95,AGRO
1994500,900/60R32176A8(176B)EARTAGRPHT,AGRO
1995100,23.1-30TL 12R-3 TM85,AGRO
1995200,10-16.5TL 10 PN16,AGRO
1995300,12-16.5TL 10 PN16,AGRO
2056800,14.9-26TT 8R-1 TM95,AGRO
2064800,16.9-34TT 6R-1 TM95,AGRO
2064900,12.4-36TL 10R-1 TM75,AGRO
2065000,13.6-38TT 14R-1 TM75,AGRO
2065100,12.4-38TT 14R-1 TM93,AGRO
2065200,12.4-38TT 6R-1 TM75,AGRO
2065300,12.4-28TT 6R-1 TM75,AGRO
2065400,14.9-28TT 8(R-1) TM75,AGRO
207400,7.50-18TT 8F-3 -CT65,AGRO
207500,7.50-18TT 10F-3 -CT65,AGRO
208300,17.5-25TL 12(G-2/L-2) PN12,AGRO
208400,17.5-25TL 16(G-2/L-2) PN12,AGRO
2094000,11L-16TL 12F-3 CT85,AGRO
2099100,14.9-28TT 6R-1 TM75,AGRO
2099200,12.4-38TT 14(R-1) TM75,AGRO
210000,18.00R25TL 185B **(E-3) RM94-B,AGRO
210100,15.5R25TL 152B *(E-3) RM94-B,AGRO
210700,16.00R25TL 177B **(E-3) RM94-B,AGRO
210800,14.00-24 20(E-3) RM95-E,AGRO
210900,14.00-24 24(E-3) RM95-E,AGRO
211000,14.00-24 28(E-3) RM95-E,AGRO
211100,16.00-25TL 24(E-3) RM95-E,AGRO
211200,16.00-25TL 28(E-3) RM95-E,AGRO
2162200,18.4-34TT 8R-2 PD22,AGRO
2162300,18.4-26TT 10R-2 PD22,AGRO
2162400,20.8-38TT 10R-2 PD22,AGRO
2169800,16.00-25TL 32(E-4) RM95-D,AGRO
2169900,420/85R28TL 139A8(139B)R-1WPHP:85,AGRO
2169904,420/85R28TL 139A8(139B)R-1WPHP:85,AGRO
2169905,420/85R28TL 139A8(139B)R-1WPHP:85,AGRO
2170000,520/85R38TL 155A8(155B)R-1WPHP:85,AGRO
2170004,520/85R38TL 155A8(155B)R-1WPHP:85,AGRO
2170005,520/85R38TL 155A8(155B)R-1WPHP:85,AGRO
2203200,420/85R30TL 140A8(140B)R-1WPHP:85,AGRO
2203204,420/85R30TL 140A8(140B)R-1WPHP:85,AGRO
2203205,420/85R30TL 140A8(140B)R-1WPHP:85,AGRO
2203300,520/85R42TL 157A8(157B)R-1WPHP:85,AGRO
2203304,520/85R42TL 157A8(157B)R-1WPHP:85,AGRO
2203310,520/85R42TL 157A8(157B)R-1WPHP,AGRO
2203400,710/70R42TL 173A8(173B)R-1WPHP:70,AGRO
2203700,380/80R38TL 142A8(142B)R-1WPHP:1N,AGRO
2203704,380/80R38TL 142A8(142B)R-1WPHP:1N,AGRO
2203705,380/80R38TL 142A8(142B)R-1WPHP:1N,AGRO
2222300,12.4-36TT 14R-1 TM75,AGRO
2246600,28.1-26TL 12R-1 MB39,AGRO
2267800,710/70R38TL 166A8(166B)R-1WPHP:70,AGRO
2267805,710/70R38TL 166A8(166B)R-1WPHP:70,AGRO
2268000,600/65R28TL 147A8(147B)R-1WPHP:65,AGRO
2268004,600/65R28TL 147A8(147B)R-1WPHP:65,AGRO
2271700,600/50R22.5TL 159DI-3 HF85 R,AGRO
2271800,16.9-24TL 145A8 10 PN12,AGRO
2271900,400/55-22.5TL 152A8(140A8)I-3HF75,AGRO
2272000,800/65R32TL 172A8(172B)R-1WPHP:1H,AGRO
2272004,800/65R32TL 172A8(172B)R-1WPHP:1H,AGRO
2272005,800/65R32TL 172A8(172B)R-1WPHP,AGRO
2272100,900/60R32TL 176A8(176B)R-1WPHP:1H,AGRO
2272104,900/60R32TL 176A8(176B)R-1WPHP:1H,AGRO
2272105,900/60R32TL 176A8(176B)R-1WPHP:1H,AGRO
2272200,380/90R46TL 157A8(157B)R-1WPHP:1N,AGRO
2272204,380/90R46TL 157A8(157B)R-1WPHP:1N,AGRO
2272205,380/90R46TL 157A8(157B)R-1WPHP:1N,AGRO
2272300,320/90R46TL 157A8(157B)R-1WPHP:1N,AGRO
2272304,320/90R46TL 157A8(157B)R-1WPHP:1N,AGRO
2277600,17.5R25176A2(157B)(E-3/L-3) RM100,AGRO
2324100,250/80-18TL 8R-1 TM75,AGRO
2324600,20.8-38TT 14R-1 TM95,AGRO
2389300,18.4-30TT 10(R1) -VA,AGRO
2389400,18.4-34TT 10(R1) -VA,AGRO
2389500,14.9-24TT 8(R1) -VA,AGRO
2389600,14.9-28TT 8(R1) -VA,AGRO
2389700,480/70R34TL 155A8(155B)R-1WPHP:70,AGRO
2389704,480/70R34TL 155A8(155B)R-1WPHP:70,AGRO
2389705,480/70R34TL 155A8(155B)R-1WPHP:70,AGRO
2420600,500/45-22.5TL 154A8(142A8)I-3HF75,AGRO
2422400,23.1-26TL 12R-3 TM85,AGRO
2434300,24.5-32TT 16LS-2 TF:01,AGRO
2434400,18.4-26TT 10LS-2 TF:01,AGRO
2434500,30.5L-32TL 26LS-2 TF:01,AGRO
2469400,18.4-30TL 8R-1 TM95,AGRO
2469405,18.4-30TL 8R-1 TM95,AGRO
2483300,14.9-24TL 8R-1 TM95,AGRO
2483305,14.9-24TL 8R-1 TM95,AGRO
2483310,14.9-24TL 8R-1 TM95,AGRO
2502700,620/70R42TL 166A8(166B)R1W PHP:70,AGRO
2513600,750/65R26TL 166A8(166B)R-1WPHP:65,AGRO
2513604,750/65R26TL 166A8(166B)R-1WPHP:65,AGRO
2513605,750/65R26TL 166A8(166B)R-1WPHP:65,AGRO
2513700,650/85R38TL 173A8(173B)R-1WPHP:85,AGRO
2532000,320/85R36TL 128A8(128B)R-1WPHP:1N,AGRO
2532004,320/85R36TL 128A8(128B)R-1WPHP:1N,AGRO
2532005,320/85R36TL 128A8(128B)R-1WPHP:1N,AGRO
2532100,460/85R30TL 145A8(145B)R-1WPHP:85,AGRO
2532104,460/85R30TL 145A8(145B)R-1WPHP:85,AGRO
2532200,460/85R34TL 147A8(147B)R-1WPHP:85,AGRO
2532204,460/85R34TL 147A8(147B)R-1WPHP:85,AGRO
2547400,18.00-25TL A5 40IND-4 RM98S,AGRO
2565100,24.5-32TL 10R-1 TM95,AGRO
2565110,24.5-32TL 10R-1 TM95,AGRO
2565200,23.1-30TL 10R-1 TM95,AGRO
2565205,23.1-30TL 10R-1 TM95,AGRO
2565210,23.1-30TL 10R-1 TM95,AGRO
2565300,18.4-26TL 10R-1 TM95,AGRO
2565310,18.4-26TL 10R-1 TM95,AGRO
2619000,18.4-26TL 145A6 12R-1 TM95,AGRO
2653200,600/65R34TL 157DR-1W PHP:65,AGRO
2653204,600/65R34TL 157DR-1W PHP:65,AGRO
2653205,600/65R34TL 157DR-1W PHP:65,AGRO
2653300,540/65R30TL 150DR-1W PHP:65,AGRO
2653304,540/65R30TL 150DR-1W PHP:65,AGRO
2653305,540/65R30TL 150DR-1W PHP:65,AGRO
2653400,6.00-12TT 6R-1 TM75,AGRO
2653500,540/65R28TL 142DR-1W PHP:65,AGRO
2653504,540/65R28TL 142DR-1W PHP:65,AGRO
2653505,540/65R28TL 142DR-1W PHP:65,AGRO
2653600,520/85R42TL 157A8(157B)R-2 PDR:22,AGRO
2653604,520/85R42TL 157A8(157B)R-2 PDR:22,AGRO
2653900,650/75R32TL 172D 20R-1W PHP:75,AGRO
2653904,650/75R32TL 172D 20R-1W PHP:75,AGRO
2684400,12.4-24TL 6R-1 TM95,AGRO
2684600,14.9-24TL 6R-1 TM95,AGRO
2684800,600/70R30TL 158DR-1W PHP:70,AGRO
2684804,600/70R30TL 158DR-1W PHP:70,AGRO
2684805,600/70R30TL 158DR-1W PHP:70,AGRO
2685000,710/70R42TL 173DR-1W PHP:70,AGRO
2685004,710/70R42TL 173DR-1W PHP:70,AGRO
2685005,710/70R42TL 173DR-1W PHP:70,AGRO
2693400,600/65R28TL 154DR-1W PHP:65,AGRO
2693404,600/65R28TL 154DR-1W PHP:65,AGRO
2693405,600/65R28TL 154DR-1W PHP:65,AGRO
2693500,710/70R38TL 171DR-1W PHP:70,AGRO
2693504,710/70R38TL 171DR-1W PHP:70,AGRO
2695100,650/85R38TL 173DR-1W PHP:85,AGRO
2695104,650/85R38TL 173DR-1W PHP:85,AGRO
2695105,650/85R38TL 173DR-1W PHP:85,AGRO
2695200,650/65R38TL 157DR-1W PHP:65,AGRO
2695204,650/65R38TL 157DR-1W PHP:65,AGRO
2695205,650/65R38TL 157DR-1W PHP:65,AGRO
2695300,620/70R42TL 166DR-1W PHP:70,AGRO
2695304,620/70R42TL 166DR-1W PHP:70,AGRO
2695305,620/70R42TL 166DR-1W PHP:70,AGRO
2695400,480/70R30TL 147DR-1W PHP:70,AGRO
2695404,480/70R30TL 147DR-1W PHP:70,AGRO
2695405,480/70R30TL 147DR-1W PHP:70,AGRO
2695500,5.00-12TT 6R-1 TM75,AGRO
2700100,14.9-28TT 10R-2 PD22,AGRO
2714400,800/70R38TL 178DR-1W PHP:70,AGRO
2714404,800/70R38TL 178DR-1W PHP:70,AGRO
2714405,800/70R38TL 178DR-1W PHP:70,AGRO
2734500,710/75R42TL 175DR-1W PHP:75,AGRO
2734504,710/75R42TL 175DR-1W PHP:75,AGRO
2734700,420/90R30TL 147A8(147B)R-2 PDR:22,AGRO
2734704,420/90R30TL 147A8(147B)R-2 PDR:22,AGRO
2734705,420/90R30TL 147A8(147B)R-2 PDR:22,AGRO
2778700,600/70R34TL 160DR-1W PHP:70,AGRO
2778704,600/70R34TL 160DR-1W PHP:70,AGRO
2778705,600/70R34TL 160DR-1W PHP:70,AGRO
2780600,18.4-34TL 10R-1 TM95,AGRO
2780700,18.4-38TL 10R-1 TM95,AGRO
2780800,14.9-28TL 8R-1 TM95,AGRO
2780810,14.9-28TL 8R-1 TM95,AGRO
2792700,15.5-38TL 8R-1 TM95,AGRO
2795400,IF710/75R42TL 176DR-1W PHE:75,AGRO
2795404,IF710/75R42TL 176DR-1W PHE:75,AGRO
2795500,IF650/65R34TL 161DR-1W PHE:65,AGRO
2795504,IF650/65R34TL 161DR-1W PHE:65,AGRO
2799400,650/65R42TL 158DR-1W PHP:65,AGRO
2799404,650/65R42TL 158DR-1W PHP:65,AGRO
2799405,650/65R42TL 158DR-1W PHP:65,AGRO
2823200,460/85R38TL 149A8(149B)R-1WPHP:85,AGRO
2823204,460/85R38TL 149A8(149B)R-1WPHP:85,AGRO
2823205,460/85R38TL 149A8(149B)R-1WPHP:85,AGRO
2823300,380/85R24TL 131A8(131B)R-1WPHP:85,AGRO
2823304,380/85R24TL 131A8(131B)R-1WPHP:85,AGRO
2823305,380/85R24TL 131A8(131B)R-1WPHP:85,AGRO
2823400,320/85R24TL 122A8(122B)R-1WPHP:85,AGRO
2823404,320/85R24TL 122A8(122B)R-1WPHP:85,AGRO
2823405,320/85R24TL 122A8(122B)R-1WPHP:85,AGRO
2823500,400/75R38TL 138DR-1W PHP:75,AGRO
2823600,380/85R28TL 133A8(133B)R-1WPHP:85,AGRO
2823604,380/85R28TL 133A8(133B)R-1WPHP:85,AGRO
2823700,12.4-24TT 8R-2 PD22,AGRO
2823800,13.6-24TT 6R-2 PD22,AGRO
2823900,23.1-34TT 10R-2 PD22,AGRO
2824000,23.1-26TL 161A6 18R-3 TM85,AGRO
2824100,23.1-30TL 16R-3 TM85,AGRO
2824200,14.9-24TT 6R-1 PIVOT TM95,AGRO
2858200,400/55-22.5TL 159A8(147A8)I-3HF75,AGRO
2906700,710/70R38TL 171DR-1W E PHP:70,AGRO
2906704,710/70R38TL 171DR-1W E PHP:70,AGRO
2906705,710/70R38TL 171DR-1W E PHP:70,AGRO
2906800,710/70R42TL 173DR-1W E PHP:70,AGRO
2906804,710/70R42TL 173DR-1W E PHP:70,AGRO
2906805,710/70R42TL 173DR-1W E PHP:70,AGRO
297200,14.9-28TT 6R-1 TM95,AGRO
297300,18.4-34TT 10R-1 TM95,AGRO
297400,18.4-34TT 8R-1 TM95,AGRO
297500,18.4-34TT 12R-1 TM95,AGRO
297600,14.9-28TT 8R-1 TM95,AGRO
297700,9.5-24TT 6R-1 TM95,AGRO
297800,12.4-24TT 6R-1 TM95,AGRO
297900,14.9-24TT 6R-1 TM95,AGRO
298000,14.9-24TT 8R-1 TM95,AGRO
298100,14.9-26TT 6R-1 TM95,AGRO
298200,18.4-30TT 8R-1 TM95,AGRO
298300,18.4-30TT 10R-1 TM95,AGRO
298400,18.4-30TT 148A6 12R-1 TM95,AGRO
298500,23.1-30TT 10R-1 TM95,AGRO
298600,24.5-32TT 10R-1 TM95,AGRO
298700,20.8-38TT 12R-1 TM95,AGRO
3117300,380/80R38TL 155DR-1W PHP:1N,AGRO
3381104,460/85R26TL 143A8R-1W PHP:85,AGRO
3381300,480/70R28TL 140DR-1W PHP:70,AGRO
3381304,480/70R28TL 140DR-1W PHP:70,AGRO
3381400,600/65R38TL 153DR-1W PHP:65,AGRO
3381404,600/65R38TL 153DR-1W PHP:65,AGRO
3381500,580/70R38TL 155DR-1W PHP:70,AGRO
3381504,580/70R38TL 155DR-1W PHP:70,AGRO
3381600,480/65R28TL 136DR-1W PHP:65,AGRO
3381604,480/65R28TL 136DR-1W PHP:65,AGRO
3381700,520/70R38TL 150DR-1W PHP:70,AGRO
3381704,520/70R38TL 150DR-1W PHP:70,AGRO
3381800,420/70R28TL 133DR-1W PHP:70,AGRO
3381804,420/70R28TL 133DR-1W PHP:70,AGRO
3574700,12.4-24TL A6 10R-1 TM95,AGRO
3574800,9.5-24TL A6 8R-1 TM95,AGRO
3574900,16.9-28TL 138A6 10R-1 TM95,AGRO
3575000,20.8-38TL A6 10R-1 TM95,AGRO
3575100,14.9-26TL A6 8R-1 TM95,AGRO
3575200,16.9-24TL A6 8R-1 TM95,AGRO
3575300,13.6-38TL A6 8R-1 TM75,AGRO
3601600,520/85R42TL 162A8(162B)R-1W PHP:85,AGRO
3601604,520/85R42TL 162A8(162B)R-1W PHP:85,AGRO
3739200,12-16.5TT 10 PN16,AGRO
3739600,IF380/80R38TL 155DR-1W PHP:1N,AGRO
3739604,IF380/80R38TL 155DR-1W PHP:1N,AGRO
3769100,13.6-38TL 14R-1 TM75,AGRO
3784100,IF380/90R46TL 157DR-1W PHP:1N,AGRO
3784104,IF380/90R46TL 157DR-1W PHP:1N,AGRO
3788000,480/70R34TL 143DR-1W PHP:70,AGRO
3788004,480/70R34TL 143DR-1W PHP:70,AGRO
3834800,18.4-30TL 10R-1 TM95,AGRO
3954700,14.9-28TT 8(R1) A.VA,AGRO
3954800,18.4-30TT 10(R1) A.VA,AGRO
3954900,18.4-34TT 10(R1) A.VA,AGRO
3992500,460/85R26TL 143A8(143B)R-1W PHP:85,AGRO
4148800,320/85R36TL 138A8(138B) R-1W PHP:1N,AGRO
4148804,320/85R36TL 138A8(138B) R-1W PHP:1N,AGRO
4148900,480/70R30TL 141D R-1W PHP:70,AGRO
4148904,480/70R30TL 141D R-1W PHP:70,AGRO
4150600,14.9-24TL 135A6 12R-1 TM95,AGRO
4150700,14.9-28 TL 10 R-1 TM95,AGRO
4150800,16.9-30 TL 10 R-1 TM95,AGRO
4187000,20.5R25TL 177B(186A2)(E-3/L-3) RM100,AGRO
4187100,23.5R25TL 185B(195A2)(E-3/L-3) RM100,AGRO
428500,16.00-25TL 28(E-4) RM95-D,AGRO
430300,13.00-24TT 10(G-2/L-2) PN14,AGRO
430400,13.00-24TT 12(G-2/L-2) PN14,AGRO
430500,14.00-24TT 10(G-2/L-2) PN14,AGRO
430600,14.00-24TL 10(G-2/L-2) PN14,AGRO
430700,14.00-24TT 12(G-2/L-2) PN14,AGRO
430900,13.00-24TL 12(G-2/L-2) PN14,AGRO
431000,14.00-24TL 12(G-2/L-2) PN14,AGRO
433300,10.5/65-16TT 8(RA28) 428,AGRO
439900,14.9-28TT 6R-2 PD22,AGRO
440000,18.4-30TT 6R-2 PD22,AGRO
440100,23.1-26TT 10R-2 PD22,AGRO
440200,23.1-26TT 12R-2 PD22,AGRO
440300,18.4-30TT 8R-2 PD22,AGRO
440400,14.9-24TT 6R-2 PD22,AGRO
445700,6-12TT 4 TG22,AGRO
6009800,500/45-22.5TL 154A8(142A8) I-3 PLUS HF75,AGRO
708600,23.1-26TL 14R-1 MB39,AGRO
743000,14.9-28TT 8R-2 PD22,AGRO
743200,14.9-24TT 8R-2 PD22,AGRO
743400,16.00-24TL 16(G-2/L-2) PN12,AGRO
780000,23.1-30TT 10R-2 PD22,AGRO
780100,23.1-30TT 12R-1 TM95,AGRO
780200,7.50-16TT 6I-1 RA45,AGRO
780300,7.50-16TT 10I-1 RA45,AGRO
780400,6.00-16TT 6I-1 RA45,AGRO
780500,10.5/80-18TT 6I-1 RA45,AGRO
780600,10.5/80-18TT 10I-1 RA45,AGRO
780700,11L-15TT 10I-1 RA45,AGRO
841700,14.9-26TT 12R-1 TM95,AGRO
841800,16.9-30TT 6R-1 TM95,AGRO
841900,16.9-30TT 8R-1 TM95,AGRO
842000,24.5-32TT 12R-1 TM95,AGRO
842100,28.1-26TL 14R-1 MB39,AGRO
842200,20.8-38TT 10R-1 TM95,AGRO
892900,10.5/65-16TT 10I-1(RA28) 428,AGRO
919000,12.4-28TT 6R-1 TM95,AGRO
919200,7.50-18TT 6I-1 RA45,AGRO
919400,7.50-20TT 6I-1 RA45,AGRO
919500,7.50-20TT 8I-1 RA45,AGRO
937500,18.4-34TT 6R-1 TM95,AGRO
971200,12.4-24TT 124A6 10R-1 TM95,AGRO
972300,18.4-38TT 10R-1 TM95,AGRO
972400,18.4-38TT 12R-1 TM95,AGRO
993900,16.9-28TT 6 TM95,AGRO
994000,16.9-28TT 8R-1 TM95,AGRO
995000,15.5-38TT 6R-1 TM95,AGRO
995100,15.5-38TT 8R-1 TM95,AGRO
175500,6.00-14CTT 97/95L 8 -LT84,TRUCK
175600,6.50-14CTT 8 -LT84,TRUCK
175700,7.50-16TT 12 -AS22,TRUCK
175800,6.50-16CTT 6 -AS22,TRUCK
190400,10.00-20TT 16 -AS22,TRUCK
190600,11.00-20TT 16 -AS22,TRUCK
190900,12.00-20TT 18 -AS22,TRUCK
192100,10.00-20TT 146/143J 16 -TR20,TRUCK
192300,11.00-20TT 149/145J 16 -TR20,TRUCK
192500,12.00-20TT 154/149J 18 -TR20,TRUCK
450300,9.00-20TT 14 -RT59,TRUCK
450500,11.00-20TT 16 -RT59,TRUCK
450600,11.00-22TT 16 -RT59,TRUCK
451000,11.00-20TT 16 -LU78,TRUCK
451200,12.00-20TT 18 -LU78,TRUCK
451300,10.00-20TT 16 -LU78,TRUCK
451400,14.00-20TL 18 -MT85,TRUCK
452600,12.00-20TT 18 -CT65,TRUCK
467200,7.00-16CTT 10 -RT59,TRUCK
467300,7.50-16CTT 10 -RT59,TRUCK
468000,7.50-16CTT 8 -MT85,TRUCK
469400,6.50-16CTT 10 -CT52,TRUCK
469500,6.50-16CTT 6 -CT52,TRUCK
469600,6.50-16CTT 8 -CT52,TRUCK
469700,7.00-16CTT 8 -CT52,TRUCK
469800,7.00-16CTT 10 -CT52,TRUCK
470000,7.50-16CTT 10 -CT52,TRUCK
470100,7.50-16TT 12 -CT52,TRUCK
856900,11.00R22TT 150/146LSTEELVG C.D,TRUCK
970300,7.00-15CTT 10 -CT52,TRUCK
971300,7.50-16TL 12 -CT52,TRUCK
1029705,295/80R22.5152/148MENERGY TR T,TRUCK
1186200,215/75R17.5TL 126/124MM+S MC45,TRUCK
1186210,215/75R17.5TL 126/124MM S MC45,TRUCK
1186215,215/75R17.5TL 126/124MM+S MC45,TRUCK
1204400,12.00R24TT 160/156K TG85,TRUCK
1241700,9.00-20TT 140/137J 14(A) -AS22,TRUCK
1288500,12R22.5TL 152/148L TG85,TRUCK
1293600,10.00R20TT 146/143K FG85,TRUCK
1293611,10.00R20TT 146/143K FG85,TRUCK
1293911,10.00R20TT 146/143K TG85,TRUCK
1320800,315/80R22.5TL156/150L(154M)AMF,TRUCK
1320805,315/80R22.5TL156/150L(154M)AMFH85,TRUCK
1324600,6.50-16CTT 10 -MT06M,TRUCK
1324800,10.00-20TT 146/143J 16 -CT75,TRUCK
1325000,11.00-22TT 150/146J 16 -CT75,TRUCK
1334300,11.00R20TT 150/146K FG85,TRUCK
1345400,7.50-16CTT 122/118J 14 -AS22,TRUCK
1345500,7.50-16CTT 122/118J 14 -CT52,TRUCK
1387100,295/80R22.5TL 152/148L FG85,TRUCK
1387110,295/80R22.5TL 152/148L FG85,TRUCK
1387300,295/80R22.5TL 152/148M TR85,TRUCK
1387310,295/80R22.5TL 152/148M TR85,TRUCK
1387400,275/80R22.5TL 149/146M TR85,TRUCK
1387411,275/80R22.5TL 149/146M TR85,TRUCK
1400600,6.00-16TT 88A6 6F-2 TD500,TRUCK
1400700,7.50-16TT 8F-2 TD500,TRUCK
1400800,7.50-16TT 107A6 10F-2 TD500,TRUCK
1400900,7.50-18TT 8F-2 TD500,TRUCK
1401000,7.50-18TT 110A6 10F-2 TD500,TRUCK
1401100,9.00-16TT 116A6 10F-2 TD500,TRUCK
1401200,10.00-16TT 8F-2 TD500,TRUCK
1401300,10.00-16TT 120A6 10F-2 TD500,TRUCK
1428600,285/70R19.5TL 145/143M FR25,TRUCK
1428610,285/70R19.5TL 145/143M FR25,TRUCK
1444300,275/80R22.5TL 149/146L FG85,TRUCK
1444310,275/80R22.5TL 149/146L FG85,TRUCK
1467400,14.00R20MLTL 164/160G. PS22,TRUCK
1485700,12.00R20TT154/150K(156G) FG85D,TRUCK
1485800,12.00R20TT154/150K(156G) TG85D,TRUCK
1485811,12.00R20TT154/150K(156G) TG85D,TRUCK
1622100,12R22.5TL 152/148F TQ99,TRUCK
1622200,295/80R22.5TL 152/148L TG85,TRUCK
1622210,295/80R22.5TL 152/148L TG85,TRUCK
1622211,295/80R22.5TL 152/148L TG85,TRUCK
1622300,295/80R22.5TL 152/148M TH75,TRUCK
1668800,215/75R17.5TL 126/124KM+S FG85,TRUCK
1668810,215/75R17.5TL 126/124KM+S FG85,TRUCK
1669100,9.00R20TT 140/137K TG85,TRUCK
1670000,275/80R22.5TL 149/146M FR85,TRUCK
1670010,275/80R22.5TL 149/146M FR85,TRUCK
1670012,275/80R22.5TL 149/146M FR85,TRUCK
1670110,295/80R22.5TL 152/148M FR85,TRUCK
1670112,295/80R22.5TL 152/148M FR85,TRUCK
1680700,11R22.5TL 148/145G TQ99,TRUCK
1694900,10.00-20TT 16 -CT65S,TRUCK
1695000,11.00-22TT 16 -CT65S,TRUCK
1697800,11R22.5TL 148/145K FG85,TRUCK
1697900,11R22.5TL 148/145L FR25,TRUCK
1704000,11R22.5TL 148/145K TG85,TRUCK
1704100,12R22.5TL 152/148L TR85,TRUCK
1728200,205/75R17.5TL 124/122MAM FR85,TRUCK
1729200,9.00R20TT 140/137L FR85,TRUCK
1729300,10.00R20TT 146/143L FR85,TRUCK
1729500,12.00R20TT 154/150L FR85,TRUCK
1729711,11R22.5TL 148/145L FR85,TRUCK
1729800,12R22.5TL 152/148M FR85,TRUCK
1730100,11R22.5TL 148/145J MC85,TRUCK
1730300,11.00-20TT 16 -CT65S,TRUCK
1730400,12.00-20TT 16 -CT65S,TRUCK
1730500,12.00-20TT 18 -CT65S,TRUCK
1730600,11.00R22TT 151/148K TR85,TRUCK
1739200,7.50R16LTTL 121/120L 12 FR85,TRUCK
1739300,7.50R16LTTL 121/120L 12 FG85,TRUCK
1756600,11.00R22TT 151/148K FG85,TRUCK
1756611,11.00R22TT 151/148K FG85,TRUCK
1756711,11.00R22TT 151/148K TG85,TRUCK
1799800,10.00R20TT 147/143K TR85,TRUCK
1800700,275/70R22.5TL 148/145L FR85,TRUCK
1865600,11.00-16TL A6 8F-2 TD500,TRUCK
1890100,275/80R22.5TL 149/146L 16 TG85,TRUCK
1890500,315/80R22.5TL 156/150L(154M)TR,TRUCK
1892000,315/80R22.5TL 156/150KM+S FG:01,TRUCK
1910500,295/80R22.5152/148J154E18M+SMC:01,TRUCK
1910502,295/80R22.5152/148J154E18M+SMC,TRUCK
1910510,295/80R22.5152/148J154E18M+SMC,TRUCK
1922300,8.25-20TT 133/131J 14 -CT65S,TRUCK
1931100,7.50-17CTL 121/116L 10 -CT52,TRUCK
1936700,325/95R24TL 162/160KM+S Diam FG88,TRUCK
1936800,325/95R24TL 162/160KDiam TG88,TRUCK
2047900,11.00R22TT 152/149D TQ99,TRUCK
2048700,12R22.5TL 152/148LM+S FG85,TRUCK
2054800,265/70R19.5TL 140/138M TR:01,TRUCK
2079311,235/75R17.5TL 132/130M FR85,TRUCK
2079600,275/70R22.5TL 148/145J MC95,TRUCK
2137500,11R22.5TL 148/145K(0) FG85,TRUCK
2147200,225/70R19.5TL 128/126L M+S MC45,TRUCK
2147300,215/75R17.5TL 126/124MAM * FR85,TRUCK
2148200,285/70R19.5TL 146/144L FR:01,TRUCK
2191500,275/80R22.5TL 149/146LM+S FG:01,TRUCK
2191600,275/80R22.5TL 149/146LM+S TG:01,TRUCK
2191610,275/80R22.5TL 149/146LM+S TG:01,TRUCK
2191700,10.00R20VANGUARDTT146/143L(0)F,TRUCK
2191800,10.00R20TT 146/143K(0) TG85,TRUCK
2193100,13R22.5TL 156/150KM+S FG:01,TRUCK
2193102,13R22.5TL 156/150KM+S FG:01,TRUCK
2193105,13R22.5TL 156/150KM+S FG:01,TRUCK
2193110,13R22.5TL 156/150KM+S FG:01,TRUCK
2193200,13R22.5TL 156/150K TG:01,TRUCK
2193202,13R22.5TL 156/150K TG:01,TRUCK
2193210,13R22.5TL 156/150K TG:01,TRUCK
2193300,295/80R22.5TL 152/148LM+S FG:0,TRUCK
2193302,295/80R22.5TL 152/148LM+S FG:0,TRUCK
2193400,295/80R22.5TL 152/148LM+S TG:01,TRUCK
2193402,295/80R22.5TL 152/148LM+S TG:01,TRUCK
2193410,295/80R22.5TL 152/148LM+S TG:01,TRUCK
2244700,215/75R17.5*TL 126/124MM+S MC4,TRUCK
2256500,275/80R22.5TL 149/146M FR:01,TRUCK
2256502,275/80R22.5TL 149/146M FR:01,TRUCK
2256510,275/80R22.5TL 149/146M FR:01,TRUCK
2256511,275/80R22.5TL 149/146M FR:01,TRUCK
2256512,275/80R22.5TL 149/146M FR:01,TRUCK
2262600,295/80R22.5(*)TL152/148M18 F.DRII,TRUCK
2262700,275/80R22.5(*)TL149/146M16 F.DRII,TRUCK
2282100,13R22.5TL 156/150F 18 TQ:01,TRUCK
2313300,215/75R17.5TL 126/124L F.DRII,TRUCK
2313400,275/80R22.5TL 149/146M STDA R,TRUCK
2314100,295/80R22.5TL 152/148M STDA R,TRUCK
2330700,295/80R22.5TL 152/148M F.STEE,TRUCK
2330800,9.00R20TT 140/137L F.DRII,TRUCK
2330900,12R22.5TL 152/148M F.DRII,TRUCK
2342700,385/65R22.5TL160K(158L)FRT ST:,TRUCK
2343800,275/80R22.5TL 149/146MM+S TR:01,TRUCK
2343810,275/80R22.5TL 149/146MM+S TR:01,TRUCK
2343900,295/80R22.5TL 152/148M FR:01,TRUCK
2343902,295/80R22.5TL 152/148M FR:01,TRUCK
2343910,295/80R22.5TL 152/148M FR:01,TRUCK
2343911,295/80R22.5TL 152/148M FR:01,TRUCK
2344000,295/80R22.5TL 152/148MM+S* TR:01,TRUCK
2344002,295/80R22.5TL 152/148MM+S* TR:01,TRUCK
2344010,295/80R22.5TL 152/148MM+S* TR:,TRUCK
2368500,7.50-16CTT 116/114L 10 -AS22,TRUCK
2382500,295/80R22.5TL 152/148M F.TRII,TRUCK
2393502,295/80R22.5TL 152/148M FH:01,TRUCK
2393510,295/80R22.5TL 152/148M FH:01,TRUCK
2406702,315/80R22.5 156/150L (154M) EN*FH: 01,TRUCK
2406705,315/80R22.5156/150L(154M)EN*FH:01,TRUCK
2416102,275/80R22.5TL 149/146M FH:01,TRUCK
2416200,315/80R22.5TL156/150L(154M) FH:01,TRUCK
2416202,315/80R22.5TL156/150L(154M) FH:01,TRUCK
2416210,315/80R22.5TL156/150L(154M) FH,TRUCK
2416600,385/65R22.5TL160K(158L)M+S(+)AP05,TRUCK
2433000,275/80R22.5149/146J(152E)M+SMC:01,TRUCK
2433002,275/80R22.5149/146J(152E)M+SMC,TRUCK
2433011,275/80R22.5149/146J(152E)M+SMC,TRUCK
2438800,7.50R16TT 121/120L 12 FR85,TRUCK
2438900,7.50R16TT 121/120L 12 FG85,TRUCK
2454400,11R22.5TL 148/145M FH:01,TRUCK
2458300,295/80R22.5TL 152/148MM+S TH:0,TRUCK
2458600,11R22.5TL 148/145L FR:01,TRUCK
2458602,11R22.5TL 148/145L FR:01,TRUCK
2458610,11R22.5TL 148/145L FR:01,TRUCK
2458612,11R22.5TL 148/145L FR:01,TRUCK
2458700,11R22.5TL 148/145L TR:01,TRUCK
2458712,11R22.5TL 148/145L TR:01,TRUCK
2458800,12R22.5TL 152/148M* FR:01,TRUCK
2458810,12R22.5TL 152/148M* FR:01,TRUCK
2459000,215/75R17.5TL 126/124MM+S MC:01,TRUCK
2459010,215/75R17.5TL 126/124MM+S MC:01,TRUCK
2459011,215/75R17.5TL 126/124MM+S MC:01,TRUCK
2459012,215/75R17.5TL 126/124MM+S MC:01,TRUCK
2459200,12R22.5TL 152/148KM+S FG:01,TRUCK
2459210,12R22.5TL 152/148KM+S FG:01,TRUCK
2459212,12R22.5TL 152/148KM+S FG:01,TRUCK
2459300,12R22.5TL 152/148K TG:01,TRUCK
2459600,12.00R20TT 154/150G(156F) TQ:01,TRUCK
2460600,215/75R17.5TL 126/124KM+S FG:01,TRUCK
2460610,215/75R17.5TL 126/124KM+S FG:01,TRUCK
2460612,215/75R17.5TL 126/124KM+S FG:01,TRUCK
2477300,275/70R22.5TL 148/145L FR:01,TRUCK
2477302,275/70R22.5TL 148/145L FR:01,TRUCK
2477310,275/70R22.5TL 148/145L FR:01,TRUCK
2481700,235/75R17.5TL 132/130M FR:01,TRUCK
2481702,235/75R17.5TL 132/130M FR:01,TRUCK
2481711,235/75R17.5TL 132/130M FR:01,TRUCK
2483200,275/70R22.5TL 148/145J MC:01,TRUCK
2487100,315/80R22.5TL 156/150K TG:01,TRUCK
2524900,7.50-16TT 121/120J 12 -LD45,TRUCK
2525000,9.00-20TT 140/137J 14 -LD45,TRUCK
2525100,10.00-20TT 146/143J 16 -LD45,TRUCK
2527800,215/75R17.5TL 135/133JFRT M+S ST:01,TRUCK
2546500,295/80R22.5TL 152/148MAM* FH85,TRUCK
2546800,9.00R20TT 140/137K FG:01,TRUCK
2547000,11.00R22TT 151/148K FG:01,TRUCK
2547100,11.00R22TT 151/148K TG:01,TRUCK
2547200,10.00R20TT 146/143K FG:01,TRUCK
2547210,10.00R20TT 146/143K FG:01,TRUCK
2547300,10.00R20TT 146/143K TG:01,TRUCK
2574700,14.00R20MLTL 164/160G PS22,TRUCK
2575000,365/80R20MPTTL 152K PS22,TRUCK
2606700,385/65R22.5160K(158L)FRTM+SST:01P,TRUCK
2634500,12R22.5TL 152/148M* F.DRII,TRUCK
2672300,215/75R17.5TL 126/124M*AM FR85,TRUCK
2672400,295/80R22.5152/148LM+S PLUS FG:01,TRUCK
2672402,295/80R22.5152/148LM+S PLUS FG:01,TRUCK
2672410,295/80R22.5152/148LM+S PLUS FG:01,TRUCK
2672411,295/80R22.5152/148LM+S PLUS FG:01,TRUCK
2672500,275/80R22.5149/146LM+S PLUS FG:01,TRUCK
2672502,275/80R22.5149/146LM+S PLUS FG:01,TRUCK
2672510,275/80R22.5149/146LM+S PLUS FG:01,TRUCK
2682600,275/80R22.5TL 149/146M FR88,TRUCK
2682610,275/80R22.5TL 149/146M FR88,TRUCK
2682612,275/80R22.5TL 149/146M FR88,TRUCK
2682700,295/80R22.5TL 152/148M FR88,TRUCK
2682710,295/80R22.5TL 152/148M FR88,TRUCK
2682712,295/80R22.5TL 152/148M FR88,TRUCK
2682800,295/80R22.5TL 152/148M TR88,TRUCK
2682811,295/80R22.5TL 152/148M TR88,TRUCK
2682900,10.00R20TT 146/143K FR:01,TRUCK
2683100,11.00R22TT 151/148K FR:01,TRUCK
2683200,11.00R22TT 151/148K TR:01,TRUCK
2683300,9.00R20TT 140/137L FR:01,TRUCK
2688600,295/80R22.5TL 152/148LM+S F.DRG,TRUCK
2694100,295/75R22.5TL 149/146ML.H. FH:,TRUCK
2694200,295/75R22.5TL 149/146ML.H. TH:01,TRUCK
2719200,275/80R22.5TL 149/146L F.DRG,TRUCK
2800600,245/70R19.5TL 136/134M* FR:01,TRUCK
2800800,275/80R22.5149/146J152EM+SPLMC:01,TRUCK
2800802,275/80R22.5149/146J152EM+SPLMC:01,TRUCK
2800810,275/80R22.5149/146J152EM+SPLMC:01,TRUCK
2800812,275/80R22.5149/146J152EM+SPLMC:01,TRUCK
2800900,295/80R22.5152/148J154EM+SPLMC:01,TRUCK
2800902,295/80R22.5152/148J154EM+SPLMC:01,TRUCK
2800910,295/80R22.5152/148J154EM+SPLMC:01,TRUCK
2801600,11R24.5TL 149/146KPLUS FG85,TRUCK
2801605,11R24.5TL 149/146KPLUS FG85,TRUCK
2801700,11R24.5TL 149/146KPLUS TG85,TRUCK
2801705,11R24.5TL 149/146KPLUS TG85,TRUCK
2809000,245/40R20 99V XL r-f W240s2,TRUCK
2849500,11R22.5TL 148/145K* FG85,TRUCK
2849502,11R22.5TL 148/145K* FG85,TRUCK
2849505,11R22.5TL 148/145K* FG85,TRUCK
2849512,11R22.5TL 148/145K* FG85,TRUCK
2849600,11R22.5TL 148/145K* TG85,TRUCK
2867900,235/75R17.5TL 132/130MM+SPLUSTR85,TRUCK
2922700,275/80R22.5TL 149/146MM+S TR88,TRUCK
2922800,10.00R20TT 146/143KM+S F.DRG,TRUCK
3042600,295/75R22.5TL 149/146MM+S PENT-D,TRUCK
3060900,295/80R22.5TL 152/148M FH88,TRUCK
3103600,235/75R17.5TL 132/130K FG:01,TRUCK
3103610,235/75R17.5TL 132/130K FG:01,TRUCK
3115200,295/75R22.5TL 149/146M F.NXRA,TRUCK
3115205,295/75R22.5TL 149/146M F.NXRA,TRUCK
3118700,315/80R22.5TL 156/150L(154M)M+S FR:01s,TRUCK
3118702,315/80R22.5156/150L(154M)MSFR:01S,TRUCK
3118705,315/80R22.5156/150L(154M)MSFR:01S,TRUCK
3118712,315/80R22.5TL 156/150L(154M)M+S FR:01s,TRUCK
3146700,11R24.5TL 149/146MM+S* D-H89,TRUCK
3150400,11R24.5TL 149/146MM+S(*) FR85,TRUCK
3150405,11R24.5TL 149/146MM+S(*) FR85,TRUCK
3150500,11R24.5TL 149/146MM+S(*) TR85,TRUCK
3150600,11R22.5TL 148/145MM+S AMARANTO(*) TH88,TRUCK
3151000,11R22.5TL 144/142MFRT M+S(*) T-H89,TRUCK
3151005,11R22.5TL 144/142MFRT M+S(*) T-H89,TRUCK
3158500,305/75R24.5TL 154/149M(*) FH75,TRUCK
3158600,305/75R24.5TL 154/149LM+S(*) TH75,TRUCK
3167300,245/70R19.5TL 136/134MM+S * FR:01,TRUCK
3167400,265/70R19.5TL 140/138MM+S FR:01,TRUCK
3198600,295/80R22.5TL 152/148MM+S* TR:01s,TRUCK
3198800,315/80R22.5TL 156/150L(154M)M+S* TR:01s,TRUCK
3198900,235/75R17.5TL 143/141J(144F)FRTM+S*ST:01,TRUCK
3243900,11.00R22TT 150/146KM+S FG88,TRUCK
3244000,295/80R22.5TL 152/148LM+S FG88,TRUCK
3244010,295/80R22.5TL 152/148LM+S FG88,TRUCK
3244012,295/80R22.5TL 152/148LM+S FG88,TRUCK
3249800,12R22.5TL 152/148M* FR:01s,TRUCK
3249802,12R22.5TL 152/148M* FR:01S,TRUCK
3249810,12R22.5TL 152/148M* FR:01s,TRUCK
3249812,12R22.5TL 152/148M* FR:01s,TRUCK
3249813,12R22.5TL 152/148M* FR:01s,TRUCK
3249900,12R22.5*TL 152/148MM+S TR:01s,TRUCK
3249912,12R22.5*TL 152/148MM+S TR:01s,TRUCK
3249913,12R22.5*TL 152/148MM+S TR:01s,TRUCK
3263600,295/75R22.5TL 149/146M H89,TRUCK
3263602,295/75R22.5TL 149/146M H89,TRUCK
3263700,295/75R22.5TL 144/141MFRT T-H89,TRUCK
3263800,11R22.5TL 144/142MM+S D-H89,TRUCK
3263900,11R22.5TL 146/143M H89,TRUCK
3263905,11R22.5TL 146/143M H89,TRUCK
3271700,11R22.5TL 146/143L 16 R89,TRUCK
3271705,11R22.5TL 146/143L 16 R89,TRUCK
3271712,11R22.5TL 146/143L 16 R89,TRUCK
3271800,11R22.5TL 146/143L 16M+S R89 D,TRUCK
3353100,295/80R22.5TL 152/148MM+S A.ProS,TRUCK
3353200,275/80R22.5TL 149/146MM+S A.ProS,TRUCK
3446200,295/80R22.5TL 154/149MEXT M+S * FR:01s,TRUCK
3446202,295/80R22.5TL 154/149MEXT M+S * FR:01S,TRUCK
3446205,295/80R22.5TL 154/149MEXT M+S * FR:01S,TRUCK
3458700,315/80R22.5TL 156/150L(154M)M+S ANTEOS,TRUCK
3458702,315/80R22.5TL 156/150L(154M)M+S ANTEOS,TRUCK
3458705,315/80R22.5TL 156/150L (154M) M+S ANTEOS,TRUCK
3458800,315/80R22.5TL 156/150L(154M)M+S ANTEOD,TRUCK
3462300,295/75R22.5TL 149/146L 16M+S R89 D,TRUCK
3462412,11R24.5TL 149/146L 16 R89,TRUCK
3462500,11R24.5TL 149/146L 16M+S R89CSD,TRUCK
3495800,295/80R22.5TL 152/148LM+S TG88,TRUCK
3616800,7.50-16TT 116/114L 10 -CT52,TRUCK
3620600,295/80R22.5TL 152/148MM+S A.ProD,TRUCK
3642500,275/80R22.5TL 149/146LM+S FG88,TRUCK
3642510,275/80R22.5TL 149/146LM+S FG88,TRUCK
3642512,275/80R22.5TL 149/146LM+S FG88,TRUCK
3642600,275/80R22.5TL 149/146LM+S TG88,TRUCK
3642700,11.00R22TT 150/146KM+S TG88,TRUCK
3755800,295/75R22.5TL 149/146L 16PLUS H89,TRUCK
3756000,295/75R22.5TL 144/141L 14M+S PLUS D-H89,TRUCK
3756105,11R22.5TL 146/143L 16PLUS H89,TRUCK
3756112,11R22.5TL 146/143L 16PLUS H89,TRUCK
3756200,11R22.5TL 144/142L 14M+S PLUS D-H89,TRUCK
3756300,295/75R22.5TL 144/141L 14M+S D-H94,TRUCK
3763500,14.00R20POR MLTL 164/160GM+S PS22,TRUCK
3763800,365/80R20POR MPTTL 152KM+S PS22,TRUCK
3765600,325/95R24PORTL 162/160F(164B)M+S TQ:01,TRUCK
3765700,325/95R24TL 162/160KM+S FG88,TRUCK
3765800,325/95R24TL 162/160KM+S TG88,TRUCK
3768500,285/70R19.5TL 146/144LM+S* FR:01,TRUCK
3791500,295/80R22.5TL 152/148MM+S T.E48S,TRUCK
3791600,275/80R22.5TL 149/146MM+S T.E48S,TRUCK
3791700,295/80R22.5TL 152/148MM+S T.NRS1,TRUCK
3791800,275/80R22.5TL 149/146MM+S T.NRS1,TRUCK
3847300,225/70R19.5TL 128/126N M+S R89,TRUCK
3847400,225/70R19.5TL 128/126NM+S R89 D,TRUCK
3848300,295/75R22.5TL 149/146M 16 N.AP79,TRUCK
3848305,295/75R22.5TL 149/146M 16 N.AP79,TRUCK
3848400,295/75R22.5TL 149/146M 16M+S N.D79,TRUCK
3848500,11R22.5TL 146/143M 16 N.AP79,TRUCK
3848505,11R22.5TL 146/143M 16 N.AP79,TRUCK
3848512,11R22.5TL 146/143M 16 N.AP79,TRUCK
3848600,11R22.5TL 146/143M 16M+S N.D79,TRUCK
3848700,11R24.5TL 149/146M 16 N.AP79,TRUCK
3848712,11R24.5TL 149/146M 16 N.AP79,TRUCK
3848800,11R24.5TL 149/146M 16M+S N.D79,TRUCK
3864700,13R22.5TL 156/150KM+S FG:01s,TRUCK
3864710,13R22.5TL 156/150KM+S FG:01s,TRUCK
3864712,13R22.5TL 156/150KM+S FG:01s,TRUCK
3864800,13R22.5TL 156/150KM+S TG:01s,TRUCK
3864810,13R22.5TL 156/150KM+S TG:01s,TRUCK
3893900,295/80R22.5TL 152/148M S.STEE,TRUCK
3894000,295/80R22.5TL 152/148M S.TRAC,TRUCK
3894100,295/80R22.5TL 152/148LM+S S.OOM,TRUCK
3894200,275/80R22.5TL 149/146M S.STEE,TRUCK
3894300,275/80R22.5TL 149/146LM+S S.OOM,TRUCK
3894400,11.00R22TT 150/146L S.STEE,TRUCK
3894500,11.00R22TT 150/146KM+S S.OOM,TRUCK
3894600,10.00R20TT 146/143L S.STEE,TRUCK
3894700,10.00R20TT 146/143KM+S S.OOM,TRUCK
3894900,215/75R17.5TL 126/124L S.STEE,TRUCK
3901400,385/65R22.5TL 164K(158L)FRT MS HL R02PTP,TRUCK
3924300,275/80R22.5TL 149/146MM+S A.R70S,TRUCK
3924400,295/80R22.5TL 152/148MM+S A.R70S,TRUCK
3936800,385/65R22.5TL 164K(158L)M+S HL G02PM,TRUCK
3946500,8.25-20TT 133/131J 14 A.AT65,TRUCK
3946600,9.00-20TT 140/137J 14 A.AT65,TRUCK
3946700,10.00-20TT 146/143J 16 A.AT65,TRUCK
3946800,11.00-20TT 149/145J 16 A.AT65,TRUCK
3946900,11.00-22TT 150/146J 16 A.AT65,TRUCK
3947000,12.00-20TT 154/149J 18 A.AT65,TRUCK
3947100,9.00-20TT 140/137J 14 A.AT59,TRUCK
3947200,10.00-20TT 146/143J 16 A.AT59,TRUCK
3947300,11.00-22TT 150/146J 16 A.AT59,TRUCK
3947400,11.00-20TT 149/145J 16 A.AP22,TRUCK
3947500,12.00-20TT 154/149J 18 A.AP22,TRUCK
3947600,7.00-16CTT 113/112L 10 A.AT59,TRUCK
3947700,7.00-16CTT 117/116L 12 A.AT59,TRUCK
3947800,7.50-16CTT 116/114L 10 A.AT59,TRUCK
3947900,6.50-16CTT 98/97L 6 A.AP22,TRUCK
3948000,7.50-16CTT 121/120J 12 A.AP22,TRUCK
3948100,7.50-16CTT 122/118J 14 A.AP22,TRUCK
3948200,6.50-16CTT 108/107L 10 A.AT52,TRUCK
3948300,7.00-16CTT 113/112L 10 A.AT52,TRUCK
3948400,7.50-16CTT 116/114L 10 A.AT52,TRUCK
3948500,7.50-16CTT 121/120J 12 A.AT52,TRUCK
3948600,7.50-16CTL 116/114L 10 A.AT52,TRUCK
3948700,7.00-15C TT 111/109L 10 A.AT52,TRUCK
3948800,7.50-16CTT 122/118J 14 A.AT52,TRUCK
3948900,7.50-17CTL 121/116L 10 A.AT52,TRUCK
3949000,6.50-16CTT 108/107L 10 A.AT06,TRUCK
3949100,7.50-16CTT 112/110L 8 A.AT85,TRUCK
3950100,275/80R22.5TL 149/146MM+S A.ProD,TRUCK
3951000,275/80R22.5TL 149/146MM+S A.R70D,TRUCK
3951100,295/80R22.5TL 152/148MM+S A.R70D,TRUCK
3951200,275/80R22.5TL 149/146MM+S T.E48D,TRUCK
3951300,295/80R22.5TL 152/148MM+S T.E48D,TRUCK
3954600,14.9-24TT 8(R1) A.VA,TRUCK
4141700,315/80R22.5TL 156/150L(154M) FH:01K,TRUCK
4141800,315/80R22.5TL 156/150L(154M) M+S TH:01K,TRUCK
4175600,12R22.5TL 152/148K M+S PLUS FG:01,TRUCK
4175610,12R22.5TL 152/148K M+S PLUS FG:01,TRUCK
4175612,12R22.5TL 152/148K M+S PLUS FG:01,TRUCK